lorena;1007184567;lorena123@gmali.com
lorena;1007184568;lorena123@gmali.com
lorena;1007184569;lorena123@gmali.com
lorena;1007184570;lorena123@gmali.com
lorena;1007184571;lorena123@gmali.com
lorena;1007184572;lorena123@gmali.com
lorena;1007184573;lorena123@gmali.com
lorena;1007184574;lorena123@gmali.com
lorena;1007184575;lorena123@gmali.com
lorena;1007184576;lorena123@gmali.com
lorena;1007184577;lorena123@gmali.com
lorena;1007184578;lorena123@gmali.com
lorena;1007184579;lorena123@gmali.com
lorena;1007184580;lorena123@gmali.com
lorena;1007184581;lorena123@gmali.com
lorena;1007184582;lorena123@gmali.com
lorena;1007184583;lorena123@gmali.com
lorena;1007184584;lorena123@gmali.com
lorena;1007184585;lorena123@gmali.com
lorena;1007184586;lorena123@gmali.com
lorena;1007184587;lorena123@gmali.com
lorena;1007184588;lorena123@gmali.com
lorena;1007184589;lorena123@gmali.com
lorena;1007184590;lorena123@gmali.com
lorena;1007184591;lorena123@gmali.com
lorena;1007184592;lorena123@gmali.com
lorena;1007184593;lorena123@gmali.com
lorena;1007184594;lorena123@gmali.com
lorena;1007184595;lorena123@gmali.com
lorena;1007184596;lorena123@gmali.com
lorena;1007184597;lorena123@gmali.com
lorena;1007184598;lorena123@gmali.com
lorena;1007184599;lorena123@gmali.com
lorena;1007184600;lorena123@gmali.com
lorena;1007184601;lorena123@gmali.com
lorena;1007184602;lorena123@gmali.com
lorena;1007184603;lorena123@gmali.com
lorena;1007184604;lorena123@gmali.com
lorena;1007184605;lorena123@gmali.com
lorena;1007184606;lorena123@gmali.com
lorena;1007184607;lorena123@gmali.com
lorena;1007184608;lorena123@gmali.com
lorena;1007184609;lorena123@gmali.com
lorena;1007184610;lorena123@gmali.com
lorena;1007184611;lorena123@gmali.com
lorena;1007184612;lorena123@gmali.com
lorena;1007184613;lorena123@gmali.com
lorena;1007184614;lorena123@gmali.com
lorena;1007184615;lorena123@gmali.com
lorena;1007184616;lorena123@gmali.com
lorena;1007184617;lorena123@gmali.com
lorena;1007184618;lorena123@gmali.com
lorena;1007184619;lorena123@gmali.com
lorena;1007184620;lorena123@gmali.com
lorena;1007184621;lorena123@gmali.com
lorena;1007184622;lorena123@gmali.com
lorena;1007184623;lorena123@gmali.com
lorena;1007184624;lorena123@gmali.com
lorena;1007184625;lorena123@gmali.com
lorena;1007184626;lorena123@gmali.com
lorena;1007184627;lorena123@gmali.com
lorena;1007184628;lorena123@gmali.com
lorena;1007184629;lorena123@gmali.com
lorena;1007184630;lorena123@gmali.com
lorena;1007184631;lorena123@gmali.com
lorena;1007184632;lorena123@gmali.com
lorena;1007184633;lorena123@gmali.com
lorena;1007184634;lorena123@gmali.com
lorena;1007184635;lorena123@gmali.com
lorena;1007184636;lorena123@gmali.com
lorena;1007184637;lorena123@gmali.com
lorena;1007184638;lorena123@gmali.com
lorena;1007184639;lorena123@gmali.com
lorena;1007184640;lorena123@gmali.com
lorena;1007184641;lorena123@gmali.com
lorena;1007184642;lorena123@gmali.com
lorena;1007184643;lorena123@gmali.com
lorena;1007184644;lorena123@gmali.com
lorena;1007184645;lorena123@gmali.com
lorena;1007184646;lorena123@gmali.com
lorena;1007184647;lorena123@gmali.com
lorena;1007184648;lorena123@gmali.com
lorena;1007184649;lorena123@gmali.com
lorena;1007184650;lorena123@gmali.com
lorena;1007184651;lorena123@gmali.com
lorena;1007184652;lorena123@gmali.com
lorena;1007184653;lorena123@gmali.com
lorena;1007184654;lorena123@gmali.com
lorena;1007184655;lorena123@gmali.com
lorena;1007184656;lorena123@gmali.com
lorena;1007184657;lorena123@gmali.com
lorena;1007184658;lorena123@gmali.com
lorena;1007184659;lorena123@gmali.com
lorena;1007184660;lorena123@gmali.com
lorena;1007184661;lorena123@gmali.com
lorena;1007184662;lorena123@gmali.com
lorena;1007184663;lorena123@gmali.com
lorena;1007184664;lorena123@gmali.com
lorena;1007184665;lorena123@gmali.com
lorena;1007184666;lorena123@gmali.com
lorena;1007184667;lorena123@gmali.com
lorena;1007184668;lorena123@gmali.com
lorena;1007184669;lorena123@gmali.com
lorena;1007184670;lorena123@gmali.com
lorena;1007184671;lorena123@gmali.com
lorena;1007184672;lorena123@gmali.com
lorena;1007184673;lorena123@gmali.com
lorena;1007184674;lorena123@gmali.com
lorena;1007184675;lorena123@gmali.com
lorena;1007184676;lorena123@gmali.com
lorena;1007184677;lorena123@gmali.com
lorena;1007184678;lorena123@gmali.com
lorena;1007184679;lorena123@gmali.com
lorena;1007184680;lorena123@gmali.com
lorena;1007184681;lorena123@gmali.com
lorena;1007184682;lorena123@gmali.com
lorena;1007184683;lorena123@gmali.com
lorena;1007184684;lorena123@gmali.com
lorena;1007184685;lorena123@gmali.com
lorena;1007184686;lorena123@gmali.com
lorena;1007184687;lorena123@gmali.com
lorena;1007184688;lorena123@gmali.com
lorena;1007184689;lorena123@gmali.com
lorena;1007184690;lorena123@gmali.com
lorena;1007184691;lorena123@gmali.com
lorena;1007184692;lorena123@gmali.com
lorena;1007184693;lorena123@gmali.com
lorena;1007184694;lorena123@gmali.com
lorena;1007184695;lorena123@gmali.com
lorena;1007184696;lorena123@gmali.com
lorena;1007184697;lorena123@gmali.com
lorena;1007184698;lorena123@gmali.com
lorena;1007184699;lorena123@gmali.com
lorena;1007184700;lorena123@gmali.com
lorena;1007184701;lorena123@gmali.com
lorena;1007184702;lorena123@gmali.com
lorena;1007184703;lorena123@gmali.com
lorena;1007184704;lorena123@gmali.com
lorena;1007184705;lorena123@gmali.com
lorena;1007184706;lorena123@gmali.com
lorena;1007184707;lorena123@gmali.com
lorena;1007184708;lorena123@gmali.com
lorena;1007184709;lorena123@gmali.com
lorena;1007184710;lorena123@gmali.com
lorena;1007184711;lorena123@gmali.com
lorena;1007184712;lorena123@gmali.com
lorena;1007184713;lorena123@gmali.com
lorena;1007184714;lorena123@gmali.com
lorena;1007184715;lorena123@gmali.com
lorena;1007184716;lorena123@gmali.com
lorena;1007184717;lorena123@gmali.com
lorena;1007184718;lorena123@gmali.com
lorena;1007184719;lorena123@gmali.com
lorena;1007184720;lorena123@gmali.com
lorena;1007184721;lorena123@gmali.com
lorena;1007184722;lorena123@gmali.com
lorena;1007184723;lorena123@gmali.com
lorena;1007184724;lorena123@gmali.com
lorena;1007184725;lorena123@gmali.com
lorena;1007184726;lorena123@gmali.com
lorena;1007184727;lorena123@gmali.com
lorena;1007184728;lorena123@gmali.com
lorena;1007184729;lorena123@gmali.com
lorena;1007184730;lorena123@gmali.com
lorena;1007184731;lorena123@gmali.com
lorena;1007184732;lorena123@gmali.com
lorena;1007184733;lorena123@gmali.com
lorena;1007184734;lorena123@gmali.com
lorena;1007184735;lorena123@gmali.com
lorena;1007184736;lorena123@gmali.com
lorena;1007184737;lorena123@gmali.com
lorena;1007184738;lorena123@gmali.com
lorena;1007184739;lorena123@gmali.com
lorena;1007184740;lorena123@gmali.com
lorena;1007184741;lorena123@gmali.com
lorena;1007184742;lorena123@gmali.com
lorena;1007184743;lorena123@gmali.com
lorena;1007184744;lorena123@gmali.com
lorena;1007184745;lorena123@gmali.com
lorena;1007184746;lorena123@gmali.com
lorena;1007184747;lorena123@gmali.com
lorena;1007184748;lorena123@gmali.com
lorena;1007184749;lorena123@gmali.com
lorena;1007184750;lorena123@gmali.com
lorena;1007184751;lorena123@gmali.com
lorena;1007184752;lorena123@gmali.com
lorena;1007184753;lorena123@gmali.com
lorena;1007184754;lorena123@gmali.com
lorena;1007184755;lorena123@gmali.com
lorena;1007184756;lorena123@gmali.com
lorena;1007184757;lorena123@gmali.com
lorena;1007184758;lorena123@gmali.com
lorena;1007184759;lorena123@gmali.com
lorena;1007184760;lorena123@gmali.com
lorena;1007184761;lorena123@gmali.com
lorena;1007184762;lorena123@gmali.com
lorena;1007184763;lorena123@gmali.com
lorena;1007184764;lorena123@gmali.com
lorena;1007184765;lorena123@gmali.com
lorena;1007184766;lorena123@gmali.com
lorena;1007184767;lorena123@gmali.com
lorena;1007184768;lorena123@gmali.com
lorena;1007184769;lorena123@gmali.com
lorena;1007184770;lorena123@gmali.com
lorena;1007184771;lorena123@gmali.com
lorena;1007184772;lorena123@gmali.com
lorena;1007184773;lorena123@gmali.com
lorena;1007184774;lorena123@gmali.com
lorena;1007184775;lorena123@gmali.com
lorena;1007184776;lorena123@gmali.com
lorena;1007184777;lorena123@gmali.com
lorena;1007184778;lorena123@gmali.com
lorena;1007184779;lorena123@gmali.com
lorena;1007184780;lorena123@gmali.com
lorena;1007184781;lorena123@gmali.com
lorena;1007184782;lorena123@gmali.com
lorena;1007184783;lorena123@gmali.com
lorena;1007184784;lorena123@gmali.com
lorena;1007184785;lorena123@gmali.com
lorena;1007184786;lorena123@gmali.com
lorena;1007184787;lorena123@gmali.com
lorena;1007184788;lorena123@gmali.com
lorena;1007184789;lorena123@gmali.com
lorena;1007184790;lorena123@gmali.com
lorena;1007184791;lorena123@gmali.com
lorena;1007184792;lorena123@gmali.com
lorena;1007184793;lorena123@gmali.com
lorena;1007184794;lorena123@gmali.com
lorena;1007184795;lorena123@gmali.com
lorena;1007184796;lorena123@gmali.com
lorena;1007184797;lorena123@gmali.com
lorena;1007184798;lorena123@gmali.com
lorena;1007184799;lorena123@gmali.com
lorena;1007184800;lorena123@gmali.com
lorena;1007184801;lorena123@gmali.com
lorena;1007184802;lorena123@gmali.com
lorena;1007184803;lorena123@gmali.com
lorena;1007184804;lorena123@gmali.com
lorena;1007184805;lorena123@gmali.com
lorena;1007184806;lorena123@gmali.com
lorena;1007184807;lorena123@gmali.com
lorena;1007184808;lorena123@gmali.com
lorena;1007184809;lorena123@gmali.com
lorena;1007184810;lorena123@gmali.com
lorena;1007184811;lorena123@gmali.com
lorena;1007184812;lorena123@gmali.com
lorena;1007184813;lorena123@gmali.com
lorena;1007184814;lorena123@gmali.com
lorena;1007184815;lorena123@gmali.com
lorena;1007184816;lorena123@gmali.com
lorena;1007184817;lorena123@gmali.com
lorena;1007184818;lorena123@gmali.com
lorena;1007184819;lorena123@gmali.com
lorena;1007184820;lorena123@gmali.com
lorena;1007184821;lorena123@gmali.com
lorena;1007184822;lorena123@gmali.com
lorena;1007184823;lorena123@gmali.com
lorena;1007184824;lorena123@gmali.com
lorena;1007184825;lorena123@gmali.com
lorena;1007184826;lorena123@gmali.com
lorena;1007184827;lorena123@gmali.com
lorena;1007184828;lorena123@gmali.com
lorena;1007184829;lorena123@gmali.com
lorena;1007184830;lorena123@gmali.com
lorena;1007184831;lorena123@gmali.com
lorena;1007184832;lorena123@gmali.com
lorena;1007184833;lorena123@gmali.com
lorena;1007184834;lorena123@gmali.com
lorena;1007184835;lorena123@gmali.com
lorena;1007184836;lorena123@gmali.com
lorena;1007184837;lorena123@gmali.com
lorena;1007184838;lorena123@gmali.com
lorena;1007184839;lorena123@gmali.com
lorena;1007184840;lorena123@gmali.com
lorena;1007184841;lorena123@gmali.com
lorena;1007184842;lorena123@gmali.com
lorena;1007184843;lorena123@gmali.com
lorena;1007184844;lorena123@gmali.com
lorena;1007184845;lorena123@gmali.com
lorena;1007184846;lorena123@gmali.com
lorena;1007184847;lorena123@gmali.com
lorena;1007184848;lorena123@gmali.com
lorena;1007184849;lorena123@gmali.com
lorena;1007184850;lorena123@gmali.com
lorena;1007184851;lorena123@gmali.com
lorena;1007184852;lorena123@gmali.com
lorena;1007184853;lorena123@gmali.com
lorena;1007184854;lorena123@gmali.com
lorena;1007184855;lorena123@gmali.com
lorena;1007184856;lorena123@gmali.com
lorena;1007184857;lorena123@gmali.com
lorena;1007184858;lorena123@gmali.com
lorena;1007184859;lorena123@gmali.com
lorena;1007184860;lorena123@gmali.com
lorena;1007184861;lorena123@gmali.com
lorena;1007184862;lorena123@gmali.com
lorena;1007184863;lorena123@gmali.com
lorena;1007184864;lorena123@gmali.com
lorena;1007184865;lorena123@gmali.com
lorena;1007184866;lorena123@gmali.com
lorena;1007184867;lorena123@gmali.com
lorena;1007184868;lorena123@gmali.com
lorena;1007184869;lorena123@gmali.com
lorena;1007184870;lorena123@gmali.com
lorena;1007184871;lorena123@gmali.com
lorena;1007184872;lorena123@gmali.com
lorena;1007184873;lorena123@gmali.com
lorena;1007184874;lorena123@gmali.com
lorena;1007184875;lorena123@gmali.com
lorena;1007184876;lorena123@gmali.com
lorena;1007184877;lorena123@gmali.com
lorena;1007184878;lorena123@gmali.com
lorena;1007184879;lorena123@gmali.com
lorena;1007184880;lorena123@gmali.com
lorena;1007184881;lorena123@gmali.com
lorena;1007184882;lorena123@gmali.com
lorena;1007184883;lorena123@gmali.com
lorena;1007184884;lorena123@gmali.com
lorena;1007184885;lorena123@gmali.com
lorena;1007184886;lorena123@gmali.com
lorena;1007184887;lorena123@gmali.com
lorena;1007184888;lorena123@gmali.com
lorena;1007184889;lorena123@gmali.com
lorena;1007184890;lorena123@gmali.com
lorena;1007184891;lorena123@gmali.com
lorena;1007184892;lorena123@gmali.com
lorena;1007184893;lorena123@gmali.com
lorena;1007184894;lorena123@gmali.com
lorena;1007184895;lorena123@gmali.com
lorena;1007184896;lorena123@gmali.com
lorena;1007184897;lorena123@gmali.com
lorena;1007184898;lorena123@gmali.com
lorena;1007184899;lorena123@gmali.com
lorena;1007184900;lorena123@gmali.com
lorena;1007184901;lorena123@gmali.com
lorena;1007184902;lorena123@gmali.com
lorena;1007184903;lorena123@gmali.com
lorena;1007184904;lorena123@gmali.com
lorena;1007184905;lorena123@gmali.com
lorena;1007184906;lorena123@gmali.com
lorena;1007184907;lorena123@gmali.com
lorena;1007184908;lorena123@gmali.com
lorena;1007184909;lorena123@gmali.com
lorena;1007184910;lorena123@gmali.com
lorena;1007184911;lorena123@gmali.com
lorena;1007184912;lorena123@gmali.com
lorena;1007184913;lorena123@gmali.com
lorena;1007184914;lorena123@gmali.com
lorena;1007184915;lorena123@gmali.com
lorena;1007184916;lorena123@gmali.com
lorena;1007184917;lorena123@gmali.com
lorena;1007184918;lorena123@gmali.com
lorena;1007184919;lorena123@gmali.com
lorena;1007184920;lorena123@gmali.com
lorena;1007184921;lorena123@gmali.com
lorena;1007184922;lorena123@gmali.com
lorena;1007184923;lorena123@gmali.com
lorena;1007184924;lorena123@gmali.com
lorena;1007184925;lorena123@gmali.com
lorena;1007184926;lorena123@gmali.com
lorena;1007184927;lorena123@gmali.com
lorena;1007184928;lorena123@gmali.com
lorena;1007184929;lorena123@gmali.com
lorena;1007184930;lorena123@gmali.com
lorena;1007184931;lorena123@gmali.com
lorena;1007184932;lorena123@gmali.com
lorena;1007184933;lorena123@gmali.com
lorena;1007184934;lorena123@gmali.com
lorena;1007184935;lorena123@gmali.com
lorena;1007184936;lorena123@gmali.com
lorena;1007184937;lorena123@gmali.com
lorena;1007184938;lorena123@gmali.com
lorena;1007184939;lorena123@gmali.com
lorena;1007184940;lorena123@gmali.com
lorena;1007184941;lorena123@gmali.com
lorena;1007184942;lorena123@gmali.com
lorena;1007184943;lorena123@gmali.com
lorena;1007184944;lorena123@gmali.com
lorena;1007184945;lorena123@gmali.com
lorena;1007184946;lorena123@gmali.com
lorena;1007184947;lorena123@gmali.com
lorena;1007184948;lorena123@gmali.com
lorena;1007184949;lorena123@gmali.com
lorena;1007184950;lorena123@gmali.com
lorena;1007184951;lorena123@gmali.com
lorena;1007184952;lorena123@gmali.com
lorena;1007184953;lorena123@gmali.com
lorena;1007184954;lorena123@gmali.com
lorena;1007184955;lorena123@gmali.com
lorena;1007184956;lorena123@gmali.com
lorena;1007184957;lorena123@gmali.com
lorena;1007184958;lorena123@gmali.com
