carlos;calle 23;23453454;carlosrey
carlos;calle 23;23453454;carlosrey
carlos;calle 23;23453454;carlosrey
carlos;calle 23;23453454;carlosrey
carlos;calle 23;23453454;carlosrey
carlos;calle 23;23453454;carlosrey
carlos;calle 23;23453454;carlosrey
carlos;calle 23;23453454;carlosrey
carlos;calle 23;23453454;carlosrey
carlos;calle 23;23453454;carlosrey
carlos;calle 23;23453454;carlosrey
carlos;calle 23;23453454;carlosrey
carlos;calle 23;23453454;carlosrey
carlos;calle 23;23453454;carlosrey
carlos;calle 23;23453454;carlosrey
carlos;calle 23;23453454;carlosrey
carlos;calle 23;23453454;carlosrey
carlos;calle 23;23453454;carlosrey
carlos;calle 23;23453454;carlosrey
carlos;calle 23;23453454;carlosrey
carlos;calle 23;23453454;carlosrey
carlos;calle 23;23453454;carlosrey
carlos;calle 23;23453454;carlosrey
carlos;calle 23;23453454;carlosrey
carlos;calle 23;23453454;carlosrey
carlos;calle 23;23453454;carlosrey
carlos;calle 23;23453454;carlosrey
carlos;calle 23;23453454;carlosrey
carlos;calle 23;23453454;carlosrey
carlos;calle 23;23453454;carlosrey
carlos;calle 23;23453454;carlosrey
carlos;calle 23;23453454;carlosrey
carlos;calle 23;23453454;carlosrey
carlos;calle 23;23453454;carlosrey
carlos;calle 23;23453454;carlosrey
carlos;calle 23;23453454;carlosrey
carlos;calle 23;23453454;carlosrey
carlos;calle 23;23453454;carlosrey
carlos;calle 23;23453454;carlosrey
carlos;calle 23;23453454;carlosrey
carlos;calle 23;23453454;carlosrey
carlos;calle 23;23453454;carlosrey
carlos;calle 23;23453454;carlosrey
carlos;calle 23;23453454;carlosrey
carlos;calle 23;23453454;carlosrey
carlos;calle 23;23453454;carlosrey
carlos;calle 23;23453454;carlosrey
carlos;calle 23;23453454;carlosrey
carlos;calle 23;23453454;carlosrey
carlos;calle 23;23453454;carlosrey
carlos;calle 23;23453454;carlosrey
carlos;calle 23;23453454;carlosrey
carlos;calle 23;23453454;carlosrey
carlos;calle 23;23453454;carlosrey
carlos;calle 23;23453454;carlosrey
carlos;calle 23;23453454;carlosrey
carlos;calle 23;23453454;carlosrey
carlos;calle 23;23453454;carlosrey
carlos;calle 23;23453454;carlosrey
carlos;calle 23;23453454;carlosrey
carlos;calle 23;23453454;carlosrey
carlos;calle 23;23453454;carlosrey
carlos;calle 23;23453454;carlosrey
carlos;calle 23;23453454;carlosrey
carlos;calle 23;23453454;carlosrey
carlos;calle 23;23453454;carlosrey
carlos;calle 23;23453454;carlosrey
carlos;calle 23;23453454;carlosrey
carlos;calle 23;23453454;carlosrey
carlos;calle 23;23453454;carlosrey
carlos;calle 23;23453454;carlosrey
carlos;calle 23;23453454;carlosrey
carlos;calle 23;23453454;carlosrey
carlos;calle 23;23453454;carlosrey
carlos;calle 23;23453454;carlosrey
carlos;calle 23;23453454;carlosrey
carlos;calle 23;23453454;carlosrey
carlos;calle 23;23453454;carlosrey
carlos;calle 23;23453454;carlosrey
carlos;calle 23;23453454;carlosrey
carlos;calle 23;23453454;carlosrey
carlos;calle 23;23453454;carlosrey
carlos;calle 23;23453454;carlosrey
carlos;calle 23;23453454;carlosrey
carlos;calle 23;23453454;carlosrey
carlos;calle 23;23453454;carlosrey
carlos;calle 23;23453454;carlosrey
carlos;calle 23;23453454;carlosrey
carlos;calle 23;23453454;carlosrey
carlos;calle 23;23453454;carlosrey
carlos;calle 23;23453454;carlosrey
carlos;calle 23;23453454;carlosrey
carlos;calle 23;23453454;carlosrey
carlos;calle 23;23453454;carlosrey
carlos;calle 23;23453454;carlosrey
carlos;calle 23;23453454;carlosrey
carlos;calle 23;23453454;carlosrey
carlos;calle 23;23453454;carlosrey
carlos;calle 23;23453454;carlosrey
carlos;calle 23;23453454;carlosrey
carlos;calle 23;23453454;carlosrey
carlos;calle 23;23453454;carlosrey
carlos;calle 23;23453454;carlosrey
carlos;calle 23;23453454;carlosrey
carlos;calle 23;23453454;carlosrey
carlos;calle 23;23453454;carlosrey
carlos;calle 23;23453454;carlosrey
carlos;calle 23;23453454;carlosrey
carlos;calle 23;23453454;carlosrey
carlos;calle 23;23453454;carlosrey
carlos;calle 23;23453454;carlosrey
carlos;calle 23;23453454;carlosrey
carlos;calle 23;23453454;carlosrey
carlos;calle 23;23453454;carlosrey
carlos;calle 23;23453454;carlosrey
carlos;calle 23;23453454;carlosrey
carlos;calle 23;23453454;carlosrey
carlos;calle 23;23453454;carlosrey
carlos;calle 23;23453454;carlosrey
carlos;calle 23;23453454;carlosrey
carlos;calle 23;23453454;carlosrey
carlos;calle 23;23453454;carlosrey
carlos;calle 23;23453454;carlosrey
carlos;calle 23;23453454;carlosrey
carlos;calle 23;23453454;carlosrey
carlos;calle 23;23453454;carlosrey
carlos;calle 23;23453454;carlosrey
carlos;calle 23;23453454;carlosrey
carlos;calle 23;23453454;carlosrey
carlos;calle 23;23453454;carlosrey
carlos;calle 23;23453454;carlosrey
carlos;calle 23;23453454;carlosrey
carlos;calle 23;23453454;carlosrey
carlos;calle 23;23453454;carlosrey
carlos;calle 23;23453454;carlosrey
carlos;calle 23;23453454;carlosrey
carlos;calle 23;23453454;carlosrey
carlos;calle 23;23453454;carlosrey
carlos;calle 23;23453454;carlosrey
carlos;calle 23;23453454;carlosrey
carlos;calle 23;23453454;carlosrey
carlos;calle 23;23453454;carlosrey
carlos;calle 23;23453454;carlosrey
carlos;calle 23;23453454;carlosrey
carlos;calle 23;23453454;carlosrey
carlos;calle 23;23453454;carlosrey
carlos;calle 23;23453454;carlosrey
carlos;calle 23;23453454;carlosrey
carlos;calle 23;23453454;carlosrey
carlos;calle 23;23453454;carlosrey
carlos;calle 23;23453454;carlosrey
carlos;calle 23;23453454;carlosrey
carlos;calle 23;23453454;carlosrey
carlos;calle 23;23453454;carlosrey
carlos;calle 23;23453454;carlosrey
carlos;calle 23;23453454;carlosrey
carlos;calle 23;23453454;carlosrey
carlos;calle 23;23453454;carlosrey
carlos;calle 23;23453454;carlosrey
carlos;calle 23;23453454;carlosrey
carlos;calle 23;23453454;carlosrey
carlos;calle 23;23453454;carlosrey
carlos;calle 23;23453454;carlosrey
carlos;calle 23;23453454;carlosrey
carlos;calle 23;23453454;carlosrey
carlos;calle 23;23453454;carlosrey
carlos;calle 23;23453454;carlosrey
carlos;calle 23;23453454;carlosrey
carlos;calle 23;23453454;carlosrey
carlos;calle 23;23453454;carlosrey
carlos;calle 23;23453454;carlosrey
carlos;calle 23;23453454;carlosrey
carlos;calle 23;23453454;carlosrey
carlos;calle 23;23453454;carlosrey
carlos;calle 23;23453454;carlosrey
carlos;calle 23;23453454;carlosrey
carlos;calle 23;23453454;carlosrey
carlos;calle 23;23453454;carlosrey
carlos;calle 23;23453454;carlosrey
carlos;calle 23;23453454;carlosrey
carlos;calle 23;23453454;carlosrey
carlos;calle 23;23453454;carlosrey
carlos;calle 23;23453454;carlosrey
carlos;calle 23;23453454;carlosrey
carlos;calle 23;23453454;carlosrey
carlos;calle 23;23453454;carlosrey
carlos;calle 23;23453454;carlosrey
carlos;calle 23;23453454;carlosrey
carlos;calle 23;23453454;carlosrey
carlos;calle 23;23453454;carlosrey
carlos;calle 23;23453454;carlosrey
carlos;calle 23;23453454;carlosrey
carlos;calle 23;23453454;carlosrey
carlos;calle 23;23453454;carlosrey
carlos;calle 23;23453454;carlosrey
carlos;calle 23;23453454;carlosrey
carlos;calle 23;23453454;carlosrey
carlos;calle 23;23453454;carlosrey
carlos;calle 23;23453454;carlosrey
carlos;calle 23;23453454;carlosrey
carlos;calle 23;23453454;carlosrey
carlos;calle 23;23453454;carlosrey
carlos;calle 23;23453454;carlosrey
carlos;calle 23;23453454;carlosrey
carlos;calle 23;23453454;carlosrey
carlos;calle 23;23453454;carlosrey
carlos;calle 23;23453454;carlosrey
carlos;calle 23;23453454;carlosrey
carlos;calle 23;23453454;carlosrey
carlos;calle 23;23453454;carlosrey
carlos;calle 23;23453454;carlosrey
carlos;calle 23;23453454;carlosrey
carlos;calle 23;23453454;carlosrey
carlos;calle 23;23453454;carlosrey
carlos;calle 23;23453454;carlosrey
carlos;calle 23;23453454;carlosrey
carlos;calle 23;23453454;carlosrey
carlos;calle 23;23453454;carlosrey
carlos;calle 23;23453454;carlosrey
carlos;calle 23;23453454;carlosrey
carlos;calle 23;23453454;carlosrey
carlos;calle 23;23453454;carlosrey
carlos;calle 23;23453454;carlosrey
carlos;calle 23;23453454;carlosrey
carlos;calle 23;23453454;carlosrey
carlos;calle 23;23453454;carlosrey
carlos;calle 23;23453454;carlosrey
carlos;calle 23;23453454;carlosrey
carlos;calle 23;23453454;carlosrey
carlos;calle 23;23453454;carlosrey
carlos;calle 23;23453454;carlosrey
carlos;calle 23;23453454;carlosrey
carlos;calle 23;23453454;carlosrey
carlos;calle 23;23453454;carlosrey
carlos;calle 23;23453454;carlosrey
carlos;calle 23;23453454;carlosrey
carlos;calle 23;23453454;carlosrey
carlos;calle 23;23453454;carlosrey
carlos;calle 23;23453454;carlosrey
carlos;calle 23;23453454;carlosrey
carlos;calle 23;23453454;carlosrey
carlos;calle 23;23453454;carlosrey
carlos;calle 23;23453454;carlosrey
carlos;calle 23;23453454;carlosrey
carlos;calle 23;23453454;carlosrey
carlos;calle 23;23453454;carlosrey
carlos;calle 23;23453454;carlosrey
carlos;calle 23;23453454;carlosrey
carlos;calle 23;23453454;carlosrey
carlos;calle 23;23453454;carlosrey
carlos;calle 23;23453454;carlosrey
carlos;calle 23;23453454;carlosrey
carlos;calle 23;23453454;carlosrey
carlos;calle 23;23453454;carlosrey
carlos;calle 23;23453454;carlosrey
carlos;calle 23;23453454;carlosrey
carlos;calle 23;23453454;carlosrey
carlos;calle 23;23453454;carlosrey
carlos;calle 23;23453454;carlosrey
carlos;calle 23;23453454;carlosrey
carlos;calle 23;23453454;carlosrey
carlos;calle 23;23453454;carlosrey
carlos;calle 23;23453454;carlosrey
carlos;calle 23;23453454;carlosrey
carlos;calle 23;23453454;carlosrey
carlos;calle 23;23453454;carlosrey
carlos;calle 23;23453454;carlosrey
carlos;calle 23;23453454;carlosrey
carlos;calle 23;23453454;carlosrey
carlos;calle 23;23453454;carlosrey
carlos;calle 23;23453454;carlosrey
carlos;calle 23;23453454;carlosrey
carlos;calle 23;23453454;carlosrey
carlos;calle 23;23453454;carlosrey
carlos;calle 23;23453454;carlosrey
carlos;calle 23;23453454;carlosrey
carlos;calle 23;23453454;carlosrey
carlos;calle 23;23453454;carlosrey
carlos;calle 23;23453454;carlosrey
carlos;calle 23;23453454;carlosrey
carlos;calle 23;23453454;carlosrey
carlos;calle 23;23453454;carlosrey
carlos;calle 23;23453454;carlosrey
carlos;calle 23;23453454;carlosrey
carlos;calle 23;23453454;carlosrey
carlos;calle 23;23453454;carlosrey
carlos;calle 23;23453454;carlosrey
carlos;calle 23;23453454;carlosrey
carlos;calle 23;23453454;carlosrey
carlos;calle 23;23453454;carlosrey
carlos;calle 23;23453454;carlosrey
carlos;calle 23;23453454;carlosrey
carlos;calle 23;23453454;carlosrey
carlos;calle 23;23453454;carlosrey
carlos;calle 23;23453454;carlosrey
carlos;calle 23;23453454;carlosrey
carlos;calle 23;23453454;carlosrey
carlos;calle 23;23453454;carlosrey
carlos;calle 23;23453454;carlosrey
carlos;calle 23;23453454;carlosrey
carlos;calle 23;23453454;carlosrey
carlos;calle 23;23453454;carlosrey
carlos;calle 23;23453454;carlosrey
carlos;calle 23;23453454;carlosrey
carlos;calle 23;23453454;carlosrey
carlos;calle 23;23453454;carlosrey
carlos;calle 23;23453454;carlosrey
carlos;calle 23;23453454;carlosrey
carlos;calle 23;23453454;carlosrey
carlos;calle 23;23453454;carlosrey
carlos;calle 23;23453454;carlosrey
carlos;calle 23;23453454;carlosrey
carlos;calle 23;23453454;carlosrey
carlos;calle 23;23453454;carlosrey
carlos;calle 23;23453454;carlosrey
carlos;calle 23;23453454;carlosrey
carlos;calle 23;23453454;carlosrey
carlos;calle 23;23453454;carlosrey
carlos;calle 23;23453454;carlosrey
carlos;calle 23;23453454;carlosrey
carlos;calle 23;23453454;carlosrey
carlos;calle 23;23453454;carlosrey
carlos;calle 23;23453454;carlosrey
carlos;calle 23;23453454;carlosrey
carlos;calle 23;23453454;carlosrey
carlos;calle 23;23453454;carlosrey
carlos;calle 23;23453454;carlosrey
carlos;calle 23;23453454;carlosrey
carlos;calle 23;23453454;carlosrey
carlos;calle 23;23453454;carlosrey
carlos;calle 23;23453454;carlosrey
carlos;calle 23;23453454;carlosrey
carlos;calle 23;23453454;carlosrey
carlos;calle 23;23453454;carlosrey
carlos;calle 23;23453454;carlosrey
carlos;calle 23;23453454;carlosrey
carlos;calle 23;23453454;carlosrey
carlos;calle 23;23453454;carlosrey
carlos;calle 23;23453454;carlosrey
carlos;calle 23;23453454;carlosrey
carlos;calle 23;23453454;carlosrey
carlos;calle 23;23453454;carlosrey
carlos;calle 23;23453454;carlosrey
carlos;calle 23;23453454;carlosrey
carlos;calle 23;23453454;carlosrey
carlos;calle 23;23453454;carlosrey
carlos;calle 23;23453454;carlosrey
carlos;calle 23;23453454;carlosrey
carlos;calle 23;23453454;carlosrey
carlos;calle 23;23453454;carlosrey
carlos;calle 23;23453454;carlosrey
carlos;calle 23;23453454;carlosrey
carlos;calle 23;23453454;carlosrey
carlos;calle 23;23453454;carlosrey
carlos;calle 23;23453454;carlosrey
carlos;calle 23;23453454;carlosrey
carlos;calle 23;23453454;carlosrey
carlos;calle 23;23453454;carlosrey
carlos;calle 23;23453454;carlosrey
carlos;calle 23;23453454;carlosrey
carlos;calle 23;23453454;carlosrey
carlos;calle 23;23453454;carlosrey
carlos;calle 23;23453454;carlosrey
carlos;calle 23;23453454;carlosrey
carlos;calle 23;23453454;carlosrey
carlos;calle 23;23453454;carlosrey
carlos;calle 23;23453454;carlosrey
carlos;calle 23;23453454;carlosrey
carlos;calle 23;23453454;carlosrey
carlos;calle 23;23453454;carlosrey
carlos;calle 23;23453454;carlosrey
carlos;calle 23;23453454;carlosrey
carlos;calle 23;23453454;carlosrey
carlos;calle 23;23453454;carlosrey
carlos;calle 23;23453454;carlosrey
carlos;calle 23;23453454;carlosrey
carlos;calle 23;23453454;carlosrey
carlos;calle 23;23453454;carlosrey
carlos;calle 23;23453454;carlosrey
carlos;calle 23;23453454;carlosrey
carlos;calle 23;23453454;carlosrey
carlos;calle 23;23453454;carlosrey
carlos;calle 23;23453454;carlosrey
carlos;calle 23;23453454;carlosrey
carlos;calle 23;23453454;carlosrey
carlos;calle 23;23453454;carlosrey
carlos;calle 23;23453454;carlosrey
carlos;calle 23;23453454;carlosrey
carlos;calle 23;23453454;carlosrey
carlos;calle 23;23453454;carlosrey
carlos;calle 23;23453454;carlosrey
carlos;calle 23;23453454;carlosrey
carlos;calle 23;23453454;carlosrey
carlos;calle 23;23453454;carlosrey
carlos;calle 23;23453454;carlosrey
carlos;calle 23;23453454;carlosrey
carlos;calle 23;23453454;carlosrey
carlos;calle 23;23453454;carlosrey
carlos;calle 23;23453454;carlosrey
carlos;calle 23;23453454;carlosrey
carlos;calle 23;23453454;carlosrey
carlos;calle 23;23453454;carlosrey
carlos;calle 23;23453454;carlosrey
carlos;calle 23;23453454;carlosrey
carlos;calle 23;23453454;carlosrey
carlos;calle 23;23453454;carlosrey
carlos;calle 23;23453454;carlosrey
carlos;calle 23;23453454;carlosrey
carlos;calle 23;23453454;carlosrey
carlos;calle 23;23453454;carlosrey
carlos;calle 23;23453454;carlosrey
carlos;calle 23;23453454;carlosrey
carlos;calle 23;23453454;carlosrey
carlos;calle 23;23453454;carlosrey
carlos;calle 23;23453454;carlosrey
carlos;calle 23;23453454;carlosrey
carlos;calle 23;23453454;carlosrey
carlos;calle 23;23453454;carlosrey
carlos;calle 23;23453454;carlosrey
carlos;calle 23;23453454;carlosrey
carlos;calle 23;23453454;carlosrey
carlos;calle 23;23453454;carlosrey
carlos;calle 23;23453454;carlosrey
carlos;calle 23;23453454;carlosrey
carlos;calle 23;23453454;carlosrey
carlos;calle 23;23453454;carlosrey
carlos;calle 23;23453454;carlosrey
carlos;calle 23;23453454;carlosrey
carlos;calle 23;23453454;carlosrey
carlos;calle 23;23453454;carlosrey
carlos;calle 23;23453454;carlosrey
carlos;calle 23;23453454;carlosrey
carlos;calle 23;23453454;carlosrey
carlos;calle 23;23453454;carlosrey
carlos;calle 23;23453454;carlosrey
carlos;calle 23;23453454;carlosrey
carlos;calle 23;23453454;carlosrey
carlos;calle 23;23453454;carlosrey
carlos;calle 23;23453454;carlosrey
carlos;calle 23;23453454;carlosrey
carlos;calle 23;23453454;carlosrey
carlos;calle 23;23453454;carlosrey
carlos;calle 23;23453454;carlosrey
carlos;calle 23;23453454;carlosrey
carlos;calle 23;23453454;carlosrey
carlos;calle 23;23453454;carlosrey
carlos;calle 23;23453454;carlosrey
carlos;calle 23;23453454;carlosrey
carlos;calle 23;23453454;carlosrey
carlos;calle 23;23453454;carlosrey
carlos;calle 23;23453454;carlosrey
carlos;calle 23;23453454;carlosrey
carlos;calle 23;23453454;carlosrey
carlos;calle 23;23453454;carlosrey
carlos;calle 23;23453454;carlosrey
carlos;calle 23;23453454;carlosrey
carlos;calle 23;23453454;carlosrey
carlos;calle 23;23453454;carlosrey
carlos;calle 23;23453454;carlosrey
carlos;calle 23;23453454;carlosrey
carlos;calle 23;23453454;carlosrey
carlos;calle 23;23453454;carlosrey
carlos;calle 23;23453454;carlosrey
carlos;calle 23;23453454;carlosrey
carlos;calle 23;23453454;carlosrey
carlos;calle 23;23453454;carlosrey
carlos;calle 23;23453454;carlosrey
carlos;calle 23;23453454;carlosrey
carlos;calle 23;23453454;carlosrey
carlos;calle 23;23453454;carlosrey
carlos;calle 23;23453454;carlosrey
carlos;calle 23;23453454;carlosrey
carlos;calle 23;23453454;carlosrey
carlos;calle 23;23453454;carlosrey
carlos;calle 23;23453454;carlosrey
carlos;calle 23;23453454;carlosrey
carlos;calle 23;23453454;carlosrey
carlos;calle 23;23453454;carlosrey
carlos;calle 23;23453454;carlosrey
carlos;calle 23;23453454;carlosrey
carlos;calle 23;23453454;carlosrey
carlos;calle 23;23453454;carlosrey
carlos;calle 23;23453454;carlosrey
carlos;calle 23;23453454;carlosrey
carlos;calle 23;23453454;carlosrey
carlos;calle 23;23453454;carlosrey
carlos;calle 23;23453454;carlosrey
carlos;calle 23;23453454;carlosrey
carlos;calle 23;23453454;carlosrey
carlos;calle 23;23453454;carlosrey
carlos;calle 23;23453454;carlosrey
carlos;calle 23;23453454;carlosrey
carlos;calle 23;23453454;carlosrey
carlos;calle 23;23453454;carlosrey
carlos;calle 23;23453454;carlosrey
carlos;calle 23;23453454;carlosrey
carlos;calle 23;23453454;carlosrey
carlos;calle 23;23453454;carlosrey
carlos;calle 23;23453454;carlosrey
carlos;calle 23;23453454;carlosrey
carlos;calle 23;23453454;carlosrey
carlos;calle 23;23453454;carlosrey
carlos;calle 23;23453454;carlosrey
carlos;calle 23;23453454;carlosrey
carlos;calle 23;23453454;carlosrey
carlos;calle 23;23453454;carlosrey
carlos;calle 23;23453454;carlosrey
carlos;calle 23;23453454;carlosrey
carlos;calle 23;23453454;carlosrey
carlos;calle 23;23453454;carlosrey
carlos;calle 23;23453454;carlosrey
carlos;calle 23;23453454;carlosrey
carlos;calle 23;23453454;carlosrey
carlos;calle 23;23453454;carlosrey
carlos;calle 23;23453454;carlosrey
carlos;calle 23;23453454;carlosrey
carlos;calle 23;23453454;carlosrey
carlos;calle 23;23453454;carlosrey
carlos;calle 23;23453454;carlosrey
carlos;calle 23;23453454;carlosrey
carlos;calle 23;23453454;carlosrey
carlos;calle 23;23453454;carlosrey
carlos;calle 23;23453454;carlosrey
carlos;calle 23;23453454;carlosrey
carlos;calle 23;23453454;carlosrey
carlos;calle 23;23453454;carlosrey
carlos;calle 23;23453454;carlosrey
carlos;calle 23;23453454;carlosrey
carlos;calle 23;23453454;carlosrey
carlos;calle 23;23453454;carlosrey
carlos;calle 23;23453454;carlosrey
carlos;calle 23;23453454;carlosrey
carlos;calle 23;23453454;carlosrey
carlos;calle 23;23453454;carlosrey
carlos;calle 23;23453454;carlosrey
carlos;calle 23;23453454;carlosrey
carlos;calle 23;23453454;carlosrey
carlos;calle 23;23453454;carlosrey
carlos;calle 23;23453454;carlosrey
carlos;calle 23;23453454;carlosrey
carlos;calle 23;23453454;carlosrey
carlos;calle 23;23453454;carlosrey
carlos;calle 23;23453454;carlosrey
carlos;calle 23;23453454;carlosrey
carlos;calle 23;23453454;carlosrey
carlos;calle 23;23453454;carlosrey
carlos;calle 23;23453454;carlosrey
carlos;calle 23;23453454;carlosrey
carlos;calle 23;23453454;carlosrey
carlos;calle 23;23453454;carlosrey
carlos;calle 23;23453454;carlosrey
carlos;calle 23;23453454;carlosrey
carlos;calle 23;23453454;carlosrey
carlos;calle 23;23453454;carlosrey
carlos;calle 23;23453454;carlosrey
carlos;calle 23;23453454;carlosrey
carlos;calle 23;23453454;carlosrey
carlos;calle 23;23453454;carlosrey
carlos;calle 23;23453454;carlosrey
carlos;calle 23;23453454;carlosrey
carlos;calle 23;23453454;carlosrey
carlos;calle 23;23453454;carlosrey
carlos;calle 23;23453454;carlosrey
carlos;calle 23;23453454;carlosrey
carlos;calle 23;23453454;carlosrey
carlos;calle 23;23453454;carlosrey
carlos;calle 23;23453454;carlosrey
carlos;calle 23;23453454;carlosrey
carlos;calle 23;23453454;carlosrey
carlos;calle 23;23453454;carlosrey
carlos;calle 23;23453454;carlosrey
carlos;calle 23;23453454;carlosrey
carlos;calle 23;23453454;carlosrey
carlos;calle 23;23453454;carlosrey
carlos;calle 23;23453454;carlosrey
carlos;calle 23;23453454;carlosrey
carlos;calle 23;23453454;carlosrey
carlos;calle 23;23453454;carlosrey
carlos;calle 23;23453454;carlosrey
carlos;calle 23;23453454;carlosrey
carlos;calle 23;23453454;carlosrey
carlos;calle 23;23453454;carlosrey
carlos;calle 23;23453454;carlosrey
carlos;calle 23;23453454;carlosrey
carlos;calle 23;23453454;carlosrey
carlos;calle 23;23453454;carlosrey
carlos;calle 23;23453454;carlosrey
carlos;calle 23;23453454;carlosrey
carlos;calle 23;23453454;carlosrey
carlos;calle 23;23453454;carlosrey
carlos;calle 23;23453454;carlosrey
carlos;calle 23;23453454;carlosrey
carlos;calle 23;23453454;carlosrey
carlos;calle 23;23453454;carlosrey
carlos;calle 23;23453454;carlosrey
carlos;calle 23;23453454;carlosrey
carlos;calle 23;23453454;carlosrey
carlos;calle 23;23453454;carlosrey
carlos;calle 23;23453454;carlosrey
carlos;calle 23;23453454;carlosrey
carlos;calle 23;23453454;carlosrey
carlos;calle 23;23453454;carlosrey
carlos;calle 23;23453454;carlosrey
carlos;calle 23;23453454;carlosrey
carlos;calle 23;23453454;carlosrey
carlos;calle 23;23453454;carlosrey
carlos;calle 23;23453454;carlosrey
carlos;calle 23;23453454;carlosrey
carlos;calle 23;23453454;carlosrey
carlos;calle 23;23453454;carlosrey
carlos;calle 23;23453454;carlosrey
carlos;calle 23;23453454;carlosrey
carlos;calle 23;23453454;carlosrey
carlos;calle 23;23453454;carlosrey
carlos;calle 23;23453454;carlosrey
